caso_id,tomo,tipo_cambio,metodo,old_outcome,new_outcome,old_vp,new_vp,old_n,new_n,old_pet,new_pet,new_firma
329_p94,329,mejora_gano_firma,reversa_con_firma,otro,originaria,sin_firma,mixed,0,7,"Por lo expuesto esta ejecución fiscal, tal como lo disponen ","Por ello, se resuelve: I. Declarar procedente el recurso ord",ENRIQUE SANTIAGO PETRACCHI (en disidencia) — ELENA I. HIGHTON DE NOLASCO (según 
329_p385,329,mejora_gano_firma,reversa_con_firma,otro,confirma,sin_firma,mixed,0,7,"de conformidad con el régimen de las leyes citadas, y había ","Por ello, oído el señor Procurador Fiscal subrogante, se dec",ENRIQUE SANTIAGO PETRACCHI — ELENA I. HIGHTON DE NOLASCO (según su voto) — CARLO
329_p1066,329,mejora_gano_firma,reversa_con_firma,otro,hace_lugar,sin_firma,mixed,0,7,"Por ello, como regla, carece de sentido señalar que los prof","Por ello, y lo dictaminado por el señor Procurador Fiscal, s",ENRIQUE SANTIAGO PETRACCHI — ELENA I. HIGHTON DE NOLASCO (en disidencia) — CARLO
329_p1092,329,mejora_gano_firma,reversa_con_firma,abstracto,hace_lugar,sin_firma,disidencia,0,2,"En consecuencia, revisar la doctrina jurisprudencial que fun","Por ello, y oído el señor Procurador Fiscal, se declara impr",CARMEN M. ARGIBAY (en disidencia parcial) — GABRIEL B. CHAUSOVSKY — CARLOS M. PE
329_p1191,329,mejora_gano_firma,reversa_con_firma,otro,desestima,sin_firma,segun_su_voto,0,6,"Por ello, como regla, carece de sentido señalar que los prof","Por ello, oído el señor Procurador Fiscal, se desestima la q",ENRIQUE SANTIAGO PETRACCHI — CARLOS S. FAYT (según su voto) — JUAN CARLOS MAQUED
329_p1703,329,cambio_outcome,reversa_con_firma,otro,revoca,disidencia,disidencia,7,7,"Por ello, y habida cuenta de que no aparecen como irrazonabl","Por ello, se declaran admisibles los recursos ordinarios de ",ENRIQUE SANTIAGO PETRACCHI (en disidencia parcial) — ELENA I. HIGHTON DE NOLASCO
329_p1862,329,mejora_gano_firma,reversa_con_firma,otro,originaria,sin_firma,segun_su_voto,0,7,"En consecuencia, corresponde rechazar la excepción de falta ","Por ello, se resuelve: I. Rechazar la excepción de falta de ",ENRIQUE SANTIAGO PETRACCHI — ELENA I. HIGHTON DE NOLASCO — CARLOS S. FAYT (según
329_p1930,329,cambio_vp,reversa_con_firma,otro,otro,unanime,disidencia,7,7,"Por ello, el Tribunal, por mayoría, resuelve: confirmar las ","Por ello, el Tribunal, por mayoría, resuelve: confirmar la s",ENRIQUE SANTIAGO PETRACCHI — ELENA I. HIGHTON DE NOLASCO — CARLOS S. FAYT — JUAN
329_p1998,329,cambio_outcome,reversa_con_firma,otro,revoca,segun_su_voto,segun_su_voto,7,7,"En consecuencia, al considerar extemporáneo el recurso de qu","Por ello, y lo dictaminado por el señor Procurador Fiscal, s",ENRIQUE SANTIAGO PETRACCHI — ELENA I. HIGHTON DE NOLASCO — CARLOS S. FAYT — JUAN
329_p2631,329,cambio_outcome,reversa_con_firma,otro,hace_lugar,mixed,mixed,7,7,"Por ello, si bien es cierto que las causales de recusación d","Por ello, y oído el señor Procurador Fiscal, se hace lugar a",ENRIQUE SANTIAGO PETRACCHI — ELENA I. HIGHTON DE NOLASCO — CARLOS S. FAYT (según
329_p2688,329,mejora_gano_firma,reversa_con_firma,otro,otro,sin_firma,disidencia,0,6,"En consecuencia, de las constancias de la causa no surge la ","Por ello, se decide: Hacer lugar a la demanda seguida por Ra",ENRIQUE SANTIAGO PETRACCHI — ELENA I. HIGHTON DE NOLASCO — CARLOS S. FAYT — JUAN
329_p2810,329,cambio_outcome,reversa_con_firma,otro,competencia,disidencia,disidencia,7,7,"En consecuencia, la causa deberá quedar radicada ante el juz","Por ello, oído el señor Procurador Fiscal subrogante, se dec",ENRIQUE SANTIAGO PETRACCHI (en disidencia) — ELENA I. HIGHTON DE NOLASCO — CARLO
329_p2897,329,mejora_mas_jueces,reversa_con_firma,otro,procedente,unanime,disidencia,6,7,"Por ello, se rechaza lo solicitado a fs. 81/83. Notifíquese ","Por ello, se declara procedente el recurso extraordinario y ",ENRIQUE SANTIAGO PETRACCHI — ELENA I. HIGHTON DE NOLASCO (en disidencia) — CARLO
329_p3148,329,cambio_outcome,reversa_con_firma,otro,hace_lugar,mixed,mixed,9,9,"En consecuencia, el fallo recurrido resulta arbitrario en lo","Por ello, oído el señor Procurador Fiscal, se hace lugar a l",ENRIQUE SANTIAGO PETRACCHI — ELENA I. HIGHTON DE NOLASCO (en disidencia) — CARLO
329_p3235,329,mejora_gano_firma,reversa_con_firma,otro,desestima,sin_firma,unanime,0,1,"En consecuencia, se abre este interrogante ¿qué importancia ","Por todo ello, y de conformidad con lo dictaminado por el se",O. TAZZA (según su voto) — LUIS CÉSAR OTERO — ANTONIO PACILIO — ANGEL A. ARGAÑAR
329_p3568,329,mejora_mas_jueces,reversa_con_firma,hace_lugar,otro,disidencia,segun_su_voto,2,6,"Por ello, por mayoría, se hace lugar a la queja, se declara ","Por ello, se declara improcedente el recurso extraordinario ",ENRIQUE SANTIAGO PETRACCHI (según su voto) — ELENA I. HIGHTON DE NOLASCO — JUAN 
329_p3680,329,mejora_gano_firma,reversa_con_firma,otro,hace_lugar,sin_firma,segun_su_voto,0,7,"En consecuencia, mediante la previsión contenida en el art. ","Por ello, oído el señor Procurador Fiscal, se hace lugar a l",ENRIQUE SANTIAGO PETRACCHI (según su voto) — ELENA I. HIGHTON DE NOLASCO — CARLO
329_p3806,329,mejora_gano_firma,reversa_con_firma,otro,otro,sin_firma,mixed,0,6,"en consecuencia, la de los actos posteriores a aquéllas, por","Por ello, se resuelve: Rechazar la demanda entablada por Rob",ENRIQUE SANTIAGO PETRACCHI — CARLOS S. FAYT — JUAN CARLOS MAQUEDA — E. RAÚL ZAFF
329_p4026,329,cambio_outcome,reversa_con_firma,competencia,hace_lugar,disidencia,disidencia,7,7,"En consecuencia corresponde dar cauce al remedio deducido, r","Por ello, oído el señor Procurador Fiscal subrogante, se hac",ENRIQUE SANTIAGO PETRACCHI — ELENA I. HIGHTON DE NOLASCO — CARLOS S. FAYT (en di
329_p4178,329,cambio_outcome,reversa_con_firma,originaria,otro,disidencia,disidencia,5,5,"Por ello, se resuelve: I.– Declarar que la presente causa co","Por ello, se decide: Hacer lugar a la demanda, declarar la i",EDUARDO MOLINÉ O’CONNOR — AUGUSTO CÉSAR BELLUSCIO — ENRIQUE SANTIAGO PETRACCHI —
329_p4593,329,cambio_outcome,reversa_con_firma,otro,procedente,disidencia,disidencia,7,7,"En consecuencia, al conceder el recurso extraordinario lo ha",Por ello y lo concordemente dictaminado por el señor Procura,ENRIQUE SANTIAGO PETRACCHI — ELENA I. HIGHTON DE NOLASCO — CARLOS S. FAYT — JUAN
329_p4770,329,mejora_mas_jueces,reversa_con_firma,otro,otro,unanime,disidencia,5,7,"Por ello, se deja sin efecto, respecto de esta queja, lo res","Por ello, se resuelve: Hacer lugar a la queja, declarar proc",ENRIQUE SANTIAGO PETRACCHI — ELENA I. HIGHTON DE NOLASCO — CARLOS S. FAYT (en di
329_p4944,329,mejora_gano_firma,reversa_con_firma,otro,otro,sin_firma,mixed,0,7,"Por lo expuesto, se justiprecia el valor vida en $ 240.000, ","Por ello, se decide: I.– Hacer lugar a la demanda seguida po",ENRIQUE SANTIAGO PETRACCHI (en disidencia parcial) — ELENA I. HIGHTON DE NOLASCO
329_p5078,329,cambio_outcome,reversa_con_firma,otro,procedente,segun_su_voto,segun_su_voto,5,5,"En consecuencia, corresponde hacer lugar al agravio del Esta","Por ello, se declara procedente el recurso extraordinario y ",ENRIQUE SANTIAGO PETRACCHI — ELENA I. HIGHTON DE NOLASCO — JUAN CARLOS MAQUEDA —
329_p5123,329,mejora_gano_firma,reversa_con_firma,otro,hace_lugar,sin_firma,disidencia,0,7,"Por ello, si bien el desapoderamiento dispuesto por el art. ","Por ello, y lo concordemente dictaminado por el señor Procur",ENRIQUE SANTIAGO PETRACCHI — ELENA I. HIGHTON DE NOLASCO (en disidencia parcial)
329_p5310,329,mejora_gano_firma,reversa_con_firma,otro,hace_lugar,sin_firma,disidencia,0,7,"por ello, respuesta a los planteos que formuló la parte en d","Por ello, y habiendo dictaminado el señor Procurador General",ENRIQUE SANTIAGO PETRACCHI — ELENA I. HIGHTON DE NOLASCO — CARLOS S. FAYT — JUAN
329_p5903,329,mejora_gano_firma,reversa_con_firma,otro,procedente,sin_firma,unanime,0,1,de conformidad con el procedimiento previsto por el art. 11 ,"Por ello, oído el señor Procurador General, se declara proce",CARLOS S. FAYT.
329_p5994,329,mejora_gano_firma,reversa_con_firma,otro,hace_lugar,sin_firma,segun_su_voto,0,5,"En consecuencia, la denegación de la vía casatoria se apoyó ","Por ello, y lo dictaminado en sentido concordante por el señ",ENRIQUE SANTIAGO PETRACCHI (según su voto) — ELENA I. HIGHTON DE NOLASCO — JUAN 
329_p6087,329,mejora_mas_jueces,reversa_con_firma,otro,otro,unanime,disidencia,5,6,"Por ello, se declaran procedentes los recursos extraordinari","Por ello, Acordaron: 1º) Crear en el ámbito de la Corte Supr","el libro correspondiente, por ante mí, que doy fe. — ENRIQUE SANTIAGO PETRACCHI "
330_p76,330,mejora_gano_firma,reversa_con_firma,otro,hace_lugar,sin_firma,disidencia,0,7,"Por ello, planteó ante el Superior Tribunal de Justicia una ","Por ello, oído el señor Procurador Fiscal subrogante, se hac",RICARDO LUIS LORENZETTI — ELENA I. HIGHTON DE NOLASCO (en disidencia) — CARLOS S
330_p251,330,mejora_gano_firma,reversa_con_firma,otro,originaria,sin_firma,segun_su_voto,0,5,"De conformidad con lo previsto por el art. 24, inc. 7°, últi","Por ello, Se Resuelve: I.– Dejar sin efecto la excusación de",RICARDO LUIS LORENZETTI — CARLOS S. FAYT — ENRIQUE SANTIAGO PETRACCHI — JUAN CAR
330_p563,330,mejora_gano_firma,reversa_con_firma,otro,otro,sin_firma,disidencia,0,7,"Por lo expuesto, cabe admitir la responsabilidad del club or","Por ello, se decide: I. Hacer lugar a la demanda seguida por",RICARDO LUIS LORENZETTI — ELENA I. HIGHTON DE NOLASCO (CON AMPLIACIÓN DE FUNDAME
330_p1135,330,mejora_gano_firma,reversa_con_firma,otro,otro,sin_firma,segun_su_voto,0,7,De conformidad con las previsiones contenidas en la ley 24.6,Por ello y de conformidad con lo dictaminado por la señora P,RICARDO LUIS LORENZETTI (según su voto) — ELENA I. HIGHTON DE NOLASCO — CARLOS S
330_p1191,330,mejora_mas_jueces,reversa_con_firma,competencia,procedente,unanime,disidencia,5,7,De conformidad con lo dictaminado por la señora Procuradora ,"Por ello, se declara procedente el recurso extraordinario y ",RICARDO LUIS LORENZETTI (en disidencia) — ELENA I. HIGHTON DE NOLASCO (en diside
330_p1309,330,mejora_mas_jueces,reversa_con_firma,procedente,otro,unanime,segun_su_voto,6,7,"Por ello, se declara procedente el recurso ordinario de la a","Por ello, Acordaron: I. Aprobar el reglamento sobre los escr","el libro correspondiente, por ante mí, que doy fe. — RICARDO LUIS LORENZETTI — E"
330_p1478,330,mejora_gano_firma,reversa_con_firma,otro,hace_lugar,sin_firma,mixed,0,7,"En consecuencia, calificó el hecho por el cual fuera condena","Por ello, oído el señor Procurador Fiscal, se hace lugar a l",RICARDO LUIS LORENZETTI — ELENA I. HIGHTON DE NOLASCO (en disidencia) — CARLOS S
330_p1950,330,mejora_gano_firma,reversa_con_firma,otro,otro,sin_firma,disidencia,0,5,de conformidad con lo dispuesto en el segundo párrafo del ar,"Por ello, Se Resuelve: Avocar las actuaciones, dejar sin efe",RICARDO LUIS LORENZETTI — CARLOS S. FAYT — ENRIQUE SANTIAGO PETRACCHI — JUAN CAR
330_p2049,330,mejora_gano_firma,reversa_con_firma,otro,otro,sin_firma,disidencia,0,6,Por todo ello pide que se declare la improcedencia de la pre,"Por ello, y de conformidad con lo dictaminado por el señor P",RICARDO LUIS LORENZETTI — ELENA I. HIGHTON DE NOLASCO — CARLOS S. FAYT (en disid
330_p2478,330,cambio_outcome,reversa_con_firma,otro,originaria,segun_su_voto,segun_su_voto,7,7,"En consecuencia, la Provincia de San Juan resulta ser respon","Por ello, oído el señor Procurador Fiscal, se resuelve: I.– ",RICARDO LUIS LORENZETTI — ELENA I. HIGHTON DE NOLASCO — CARLOS S. FAYT (según su
330_p2685,330,REGRESION_menos_jueces,reversa_con_firma,hace_lugar,hace_lugar,mixed,unanime,6,1,"Por ello, y lo concordemente dictaminado por el señor Procur","Por ello, y oído el señor Procurador Fiscal, se hace lugar a",ELENA I. HIGHTON DE NOLASCO. Considerando: 1º) Que el trabajador reclamó a la de
330_p2748,330,mejora_gano_firma,reversa_con_firma,otro,otro,sin_firma,disidencia,0,7,"Por ello expresa que, a partir de ese momento, se encontró i","Por ello, y lo dispuesto por el art. 1112 y concordantes del",RICARDO LUIS LORENZETTI (en disidencia parcial) — ELENA I. HIGHTON DE NOLASCO — 
330_p3160,330,mejora_gano_firma,reversa_con_firma,otro,abstracto,sin_firma,mixed,0,7,"Por lo expuesto, surge un campo de tensión en la satisfacció","Por ello, oído el señor Procurador General de la Nación y co",RICARDO LUIS LORENZETTI — ELENA I. HIGHTON DE NOLASCO (en disidencia) — CARLOS S
330_p3248,330,mejora_gano_firma,reversa_con_firma,otro,procedente,sin_firma,disidencia,0,6,Por ello tratándose el sub lite de la investigación de esa c,Por ello se declara procedente el recurso extraordinario y s,RICARDO LUIS LORENZETTI — ELENA I. HIGHTON DE NOLASCO — CARLOS S. FAYT (en disid
330_p3409,330,REGRESION_menos_jueces,reversa_con_firma,desestima,desestima,mixed,unanime,10,3,"Por ello, y lo concordemente dictaminado por la señora Procu","Por ello, se desestima la queja. Declárase perdido el depósi",CARLOS S. FAYT — ENRIQUE SANTIAGO PETRACCHI — JUAN CARLOS MAQUEDA.
330_p4263,330,cambio_outcome,reversa_con_firma,procedente,otro,unanime,segun_su_voto,5,5,"Por ello, se declara procedente el recurso extraordinario, s","Por ello, Acordaron: I. Hacer saber a las cámaras federales ","el libro correspondiente, por ante mí, que doy fe. RICARDO LUIS LORENZETTI — ELE"
330_p5294,330,mejora_gano_firma,reversa_con_firma,otro,hace_lugar,sin_firma,mixed,0,6,Por ello fue condenado a una pena única de siete años y seis,"Por ello, se hace lugar a la queja, se declara procedente el",ELENA I. HIGHTON DE NOLASCO — CARLOS S. FAYT — ENRIQUE SANTIAGO PETRACCHI (según
330_p5306,330,mejora_gano_firma,reversa_con_firma,otro,otro,sin_firma,disidencia,0,7,"En consecuencia, los daños cuyo resarcimiento se reclama son","Por ello, se resuelve: Hacer lugar parcialmente a los recurs",RICARDO LUIS LORENZETTI — ELENA I. HIGHTON DE NOLASCO — CARLOS S. FAYT (en disid
331_p622,331,cambio_outcome,reversa_con_firma,desestima,otro,mixed,mixed,7,7,"Por ello, se desestima la queja. Intímese a la recurrente pa",de conformidad con lo prescripto en la acordada 47/91. Notif,Ricardo Luis Lorenzetti (en disidencia) — Elena I. Highton de Nolasco — Carlos S
331_p718,331,mejora_gano_firma,reversa_con_firma,otro,hace_lugar,sin_firma,mixed,0,7,"Por ello, solicita que se declaren erróneos los criterios in","Por ello y oído el señor Procurador General, se hace lugar p",Ricardo Luis Lorenzetti — Elena I. Highton de Nolasco — Carlos S. Fayt (en disid
331_p819,331,mejora_gano_firma,reversa_con_firma,otro,hace_lugar,sin_firma,mixed,0,6,"Por estas razones, cabe concluir que en la sentencia atacada","Por ello, y lo concordemente dictaminado por la señora Procu",Ricardo Luis Lorenzetti — Elena I. Highton de Nolasco (según su voto) — Carlos S
331_p856,331,mejora_mas_jueces,reversa_con_firma,otro,procedente,unanime,disidencia,5,6,Por los fundamentos y conclusiones del dictamen del señor Pr,"Por ello y habiendo dictaminado el señor Procurador Fiscal, ",Ricardo Luis Lorenzetti — Elena I. Highton de Nolasco (en disidencia) — Carlos S
331_p1040,331,mejora_gano_firma,reversa_con_firma,otro,revoca,sin_firma,mixed,0,6,de conformidad con los decretos 762/2002 y 1242/2002. Señala,"Por ello y habiendo dictaminado el señor Procurador General,",Ricardo Luis Lorenzetti (en disidencia) — Elena I. Highton de Nolasco — Enrique 
331_p1123,331,mejora_gano_firma,reversa_con_firma,otro,revoca,sin_firma,segun_su_voto,0,7,"de conformidad con los arts. 16; 75, incs. 22 y 23 de la Con","Por ello, habiendo dictaminado el señor Procurador General, ",Ricardo Luis Lorenzetti — Elena I. Highton de Nolasco — Carlos S. Fayt (según su
331_p1412,331,mejora_gano_firma,reversa_con_firma,otro,otro,sin_firma,disidencia,0,5,"Por ello, pudo ser dictado este régimen en uso de las atribu","Por ello, y de conformidad con lo dictaminado por el señor P",Ricardo Luis Lorenzetti — Elena I. Highton de Nolasco — Carlos S. Fayt (en disid
331_p1530,331,mejora_gano_firma,reversa_con_firma,otro,revoca,sin_firma,segun_su_voto,0,7,Por ello corresponde transcribir los términos del editorial ,"Por ello, y lo concordemente dictaminado por el señor Procur",Ricardo Luis Lorenzetti — Elena I. Highton de Nolasco (según su voto) — Carlos S
331_p1596,331,REGRESION_menos_jueces,reversa_con_firma,hace_lugar,hace_lugar,disidencia,unanime,7,1,"Por ello, se hace lugar a la queja y al recurso extraordinar","Por ello, se hace lugar a la queja, se declara procedente el",Carlos S. Fayt.
331_p1690,331,mejora_gano_firma,reversa_con_firma,otro,otro,sin_firma,disidencia,0,7,"En consecuencia, el aquí actor, pese a no haber sido condena","Por ello, se decide: Hacer lugar a la demanda seguida por Sa",Ricardo Luis Lorenzetti (en disidencia parcial) — Elena I. Highton de Nolasco — 
331_p1815,331,mejora_gano_firma,reversa_con_firma,otro,procedente,sin_firma,disidencia,0,6,"Por todo lo expuesto, resulta incontrastable que el art. 4º ","Por ello, oída la señora Procuradora Fiscal, se declara proc",Ricardo Luis Lorenzetti — Elena I. Highton de Nolasco — Enrique Santiago Petracc
331_p1942,331,mejora_gano_firma,reversa_con_firma,otro,hace_lugar,sin_firma,disidencia,0,7,"por ello, desde el momento en que el Estado organiza el serv","Por ello, oída la señora Procuradora Fiscal, se hace lugar a",Ricardo Luis Lorenzetti — Elena I. Highton de Nolasco — Carlos S. Fayt (en disid
331_p2006,331,mejora_gano_firma,reversa_con_firma,otro,otro,sin_firma,mixed,0,7,"En consecuencia, la cuestión debatida en autos es el conteni","Por ello, y oído el señor Procurador General, se declara for",Ricardo Luis Lorenzetti — Elena I. Highton de Nolasco (en disidencia) — Carlos S
331_p2325,331,mejora_mas_jueces,reversa_con_firma,revoca,hace_lugar,unanime,disidencia,6,7,"Por ello, de conformidad con lo dictaminado por la señora Pr","Por ello, y oído el señor Procurador Fiscal, se hace lugar a",Ricardo Luis Lorenzetti — Elena I. Highton de Nolasco (en disidencia) — Carlos S
331_p2406,331,mejora_gano_firma,reversa_con_firma,otro,otro,sin_firma,disidencia,0,7,"Por estas razones, concluyó que no correspondía al profesion","Por ello, habiendo dictaminado la señora Procuradora Fiscal,",Ricardo Luis Lorenzetti — Elena I. Highton de Nolasco (en disidencia) — Carlos S
331_p2550,331,mejora_gano_firma,reversa_con_firma,otro,otro,sin_firma,segun_su_voto,0,6,"Por ello, técnicamente hablando, el término perito no puede ","Por todo ello, el Tribunal declara procedente el recurso ord",Ricardo Luis Lorenzetti (según su voto) — Elena I. Highton de Nolasco — Carlos S
331_p2638,331,mejora_gano_firma,reversa_con_firma,otro,otro,sin_firma,segun_su_voto,0,5,"En consecuencia, aduce que no corresponde imputar al Estado ","Por ello, de conformidad con lo dictaminado por la señora Pr",Elena I. Highton de Nolasco (según su voto) — Carlos S. Fayt — Enrique Santiago 
331_p2691,331,mejora_gano_firma,reversa_con_firma,otro,hace_lugar,sin_firma,segun_su_voto,0,7,"Por ello, a los fines del sub lite, interesa particularmente","Por ello, se hace lugar a la queja, y al recurso extraordina",Ricardo Luis Lorenzetti — Elena I. Highton de Nolasco — Carlos S. Fayt — Enrique
332_p111,332,mejora_gano_firma,reversa_con_firma,otro,procedente,sin_firma,disidencia,0,7,por ello ha interpretado que el art. 18 de la Constitución n,"Por ello, oída la señora Procuradora Fiscal, se declara proc",Ricardo Luis Lorenzetti — Elena I. Highton de Nolasco — Carlos S. Fayt (en disid
332_p433,332,mejora_gano_firma,reversa_con_firma,otro,procedente,sin_firma,segun_su_voto,0,7,"En consecuencia, es menester advertir que los agravios relat","Por ello, y de conformidad con lo dictaminado por el señor P",Ricardo Luis Lorenzetti — Elena I. Highton de Nolasco — Carlos S. Fayt (según su
332_p979,332,cambio_outcome,reversa_con_firma,hace_lugar,otro,disidencia,disidencia,7,7,"Por ello, se hace lugar a la queja, se declara procedente el",de conformidad con lo dispuesto por la acordada 47/91. Agrég,Ricardo Luis Lorenzetti — Elena I. Highton de Nolasco — Carlos S. Fayt — Enrique
332_p1280,332,cambio_outcome,reversa_con_firma,originaria,otro,disidencia,disidencia,7,7,"Por ello, y de conformidad con lo dictaminado por la señora ",de conformidad con lo dispuesto por el artículo 94 del Códig,Ricardo Luis Lorenzetti — Elena I. Highton de Nolasco — Carlos S. Fayt — Enrique
332_p1519,332,cambio_outcome,reversa_con_firma,originaria,otro,disidencia,disidencia,5,5,"Por ello, y de conformidad con lo dictaminado por la señora ",En su mérito correr traslado de la demanda a la Provincia de,Elena I. Highton de Nolasco (en disidencia parcial) — Carlos S. Fayt — Enrique S
332_p1633,332,mejora_gano_firma,reversa_con_firma,otro,confirma,sin_firma,disidencia,0,7,"En consecuencia, sólo le corresponde a este Tribunal expedir","Por ello, se confirma la sentencia apelada. Con costas. Noti",Ricardo Luis Lorenzetti — Elena I. Highton de Nolasco — Carlos S. Fayt — Enrique
332_p1704,332,mejora_gano_firma,reversa_con_firma,otro,otro,sin_firma,disidencia,0,6,"En consecuencia, pide que el Tribunal declare que: a) la res","Por ello, y lo concordemente dictaminado por la señora Procu",Elena I. Highton de Nolasco (en disidencia) — Carlos S. Fayt — Enrique Santiago 
332_p1933,332,mejora_gano_firma,reversa_con_firma,otro,hace_lugar,sin_firma,disidencia,0,6,"en consecuencia, ordenó a la ANSeS que se abstuviera de cont","Por ello, oída la señora Procuradora Fiscal subrogante, se h",Ricardo Luis Lorenzetti — Elena I. Highton de Nolasco (en disidencia) — Carlos S
332_p2108,332,mejora_gano_firma,reversa_con_firma,otro,revoca,sin_firma,mixed,0,7,"en consecuencia, rechazó la excepción de prescripción opuest","Por ello, por mayoría, y de conformidad con lo dictaminado p",Ricardo Luis Lorenzetti — Elena I. Highton de Nolasco (en disidencia parcial) — 
332_p2504,332,mejora_gano_firma,reversa_con_firma,otro,desestima,sin_firma,mixed,0,7,"En consecuencia, el recurso debe ser desestimado también en ","Por ello, se desestima la queja. Notifíquese y, oportunament",Ricardo Luis Lorenzetti (según su voto) — Elena I. Highton de Nolasco — Carlos S
332_p2842,332,mejora_gano_firma,reversa_con_firma,otro,otro,sin_firma,segun_su_voto,0,7,"Por ello, y para cumplir con ese objetivo, el Servicio Penit","Por ello y lo dispuesto por los artículos 1068, 1078, 1079, ",Ricardo Luis Lorenzetti — Elena I. Highton de Nolasco — Carlos S. Fayt — Enrique
333_p215,333,mejora_gano_firma,reversa_con_firma,otro,otro,sin_firma,disidencia,0,6,"De conformidad con dicha normativa, el Estado Nacional –medi","Por ello, y lo que disponen el artículo 17 de la Constitució",Ricardo Luis Lorenzetti — Elena I. Highton de Nolasco — Carlos S. Fayt — Juan Ca
333_p255,333,cambio_outcome,reversa_con_firma,procedente,otro,segun_su_voto,segun_su_voto,5,5,"Por ello, se declara procedente el recurso extraordinario y ",de conformidad con los términos del presente. Agréguese la q,Ricardo Luis Lorenzetti (según su voto) — Enrique Santiago Petracchi — Juan Carl
333_p364,333,mejora_gano_firma,reversa_con_firma,otro,originaria,sin_firma,disidencia,0,6,"En consecuencia, al encontrarse reunidos la totalidad de los","Por ello, y de conformidad con lo dictaminado a fs. 632 por ",Ricardo Luis Lorenzetti (en disidencia parcial) — Elena I. Highton de Nolasco — 
333_p1376,333,mejora_gano_firma,reversa_con_firma,otro,revoca,sin_firma,segun_su_voto,0,6,de conformidad con los precedentes de esta Corte.,"Por todo lo expuesto, y oída la señora Procuradora Fiscal, s",Ricardo Luis Lorenzetti — Elena I. Highton de Nolasco (según su voto) — Carlos S
333_p1959,333,mejora_mas_jueces,reversa_con_firma,originaria,otro,unanime,segun_su_voto,6,7,"Por ello, de conformidad con lo dictaminado por la señora Pr","Por ello, de conformidad con lo dictaminado, en lo pertinent",Ricardo Luis Lorenzetti — Elena I. Highton de Nolasco (según su voto) — Carlos S
333_p1987,333,cambio_outcome,reversa_con_firma,otro,hace_lugar,mixed,mixed,7,7,Por ello y toda vez que la prolongada duración de esta causa,"Por ello, oído el señor Procurador Fiscal, se hace lugar a l",Ricardo Luis Lorenzetti — Elena I. Highton de Nolasco (en disidencia) — Carlos S
334_p324,334,mejora_gano_firma,reversa_con_firma,otro,otro,sin_firma,segun_su_voto,0,5,De conformidad con la previsión contenida en el decreto-ley ,"Por ello, y concordemente con lo dictaminado por la señora P",Ricardo Luis Lorenzetti — Elena I. Highton de Nolasco — Enrique Santiago Petracc
334_p376,334,mejora_gano_firma,reversa_con_firma,otro,otro,sin_firma,disidencia,0,6,"Por ello, en atención a lo precedentemente expuesto, a la ac","Por ello, se decide: I) Admitir la defensa de prescripción y",Ricardo Luis Lorenzetti (en disidencia parcial) — Elena I. Highton de Nolasco — 
334_p596,334,mejora_gano_firma,reversa_con_firma,otro,otro,sin_firma,segun_su_voto,0,5,"Por todo ello, concluyó en el rechazo de la acción, lo que a","Por ello, y de conformidad con lo dictaminado por el señor P",Ricardo Luis Lorenzetti (según su voto) — Elena I. Highton de Nolasco (según su 
334_p1644,334,mejora_gano_firma,reversa_con_firma,otro,otro,sin_firma,disidencia,0,6,"atento lo dispuesto por este Tribunal a fs. 1733/1734, la Sa","Por ello, y habiendo dictaminado el señor Procurador Fiscal,",Ricardo Luis Lorenzetti — Elena I. Highton de Nolasco (en disidencia)— Carlos S.
334_p1909,334,mejora_gano_firma,reversa_con_firma,otro,revoca,sin_firma,disidencia,0,7,"En consecuencia, puesto que en la resolución S.G.N. 58/03, s","Por ello, y oída la señora Procuradora Fiscal, se declara fo",Ricardo Luis Lorenzetti — Elena I. Highton de Nolasco (en disidencia) — Carlos S
337_p315,337,mejora_gano_firma,reversa_con_firma,otro,hace_lugar,sin_firma,mixed,0,7,"en consecuencia, da cuenta de un “principio evidente” (allan","Por ello, oída la señora Procuradora Fiscal, se hace lugar a",Ricardo Luis Lorenzetti (en disidencia)— Elena I. Highton de Nolasco (en disiden
337_p388,337,mejora_gano_firma,reversa_con_firma,otro,confirma,sin_firma,mixed,0,6,"Por ello, en el ámbito de los derechos aduaneros, cobra rele","Por ello, oído el señor Procurador General de la Nación, se ",Ricardo Luis Lorenzetti — Carlos S. Fayt — Enrique Santiago Petracchi (en diside
337_p530,337,mejora_gano_firma,reversa_con_firma,otro,otro,sin_firma,segun_su_voto,0,6,"En consecuencia, la ampliación de la competencia de la Cámar","Por ello, oído el señor Procurador Fiscal: a) se declara que",Ricardo Luis Lorenzetti — Elena I. Highton de Nolasco — Carlos S. Fayt — Enrique
337_p590,337,cambio_outcome,reversa_con_firma,otro,desestima,segun_su_voto,segun_su_voto,5,5,"En consecuencia, frente a la tardía introducción del planteo","Por ello, se desestima la queja. Notifíquese y, oportunament",Ricardo Luis Lorenzetti (según su voto)— Elena I. Highton de Nolasco — Carlos S.
337_p712,337,mejora_gano_firma,reversa_con_firma,otro,otro,sin_firma,disidencia,0,5,En su mérito sostuvo que la demandante no puede desconocer l,"Por ello, oída la señora Procuradora Fiscal, se decide: I.- ",Ricardo Luis Lorenzetti — Elena I. Highton de Nolasco (en disidencia)— Carlos S.
337_p1117,337,mejora_gano_firma,reversa_con_firma,otro,revoca,sin_firma,disidencia,0,4,"Por ello, sobre la base del carácter provisorio de estas med","Por ello, oída la señora Procuradora Fiscal, se declara form",Ricardo Luis Lorenzetti — Elena I. Highton de Nolasco (en disidencia)— Carlos S.
337_p1289,337,mejora_gano_firma,reversa_con_firma,otro,procedente,sin_firma,segun_su_voto,0,3,"de conformidad con lo dispuesto en los artículos 8.2.h, 1.1 ","Por ello, y lo concordantemente dictaminado por el señor Pro",Carlos S. Fayt (según su voto)— Juan Carlos Maqueda — E. Raúl Zaffaroni.
337_p1323,337,cambio_outcome,reversa_con_firma,otro,desestima,disidencia,disidencia,5,5,"en consecuencia, la nulidad de la resolución 300/2012 del Co","Por ello, y habiendo dictaminado la señora Procuradora Fisca",Ricardo Luis Lorenzetti — Elena I. Highton de Nolasco — Carlos S. Fayt (en disid
337_p1337,337,mejora_gano_firma,reversa_con_firma,otro,confirma,sin_firma,disidencia,0,4,"Por ello, es menester recurrir a los principios de leyes aná","Por ello, y habiendo dictaminado la señora Procuradora Fisca",Ricardo Luis Lorenzetti — Elena I. Highton de Nolasco (en disidencia)— Carlos S.
338_p699,338,cambio_outcome,reversa_con_firma,competencia,originaria,unanime,segun_su_voto,3,3,Por los fundamentos y conclusiones del dictamen del señor Pr,"Por ello, habiendo dictaminado la señora Procuradora Fiscal,",Ricardo Luis Lorenzetti — Elena I. Highton de Nolasco (según su voto)— Juan Carl
338_p1258,338,mejora_gano_firma,reversa_con_firma,otro,hace_lugar,sin_firma,disidencia,0,4,"En consecuencia, a diferencia de lo afirmado por la cámara, ","Por todo lo expuesto, oída la señora Procuradora Fiscal y en",Ricardo Luis Lorenzetti — Elena I. Highton de Nolasco (en disidencia)— Carlos S.
338_p1291,338,mejora_mas_jueces,reversa_con_firma,otro,desestima,unanime,segun_su_voto,2,3,"En consecuencia, para accionar invocando –en los términos de","Por ello, habiendo dictaminado la señora Procuradora Fiscal ",Ricardo Luis Lorenzetti — Elena I. Highton de Nolasco (según su voto)— Juan Carl
339_p115,339,mejora_gano_firma,reversa_con_firma,otro,procedente,sin_firma,segun_su_voto,0,3,"En consecuencia, califica la decisión apelada de invasión so","Por ello, y lo concordemente dictaminado por la señora Procu",Ricardo Luis Lorenzetti — Elena I. Highton de Nolasco (según su voto)— Juan Carl
339_p1077,339,mejora_gano_firma,reversa_con_firma,otro,otro,sin_firma,segun_su_voto,0,4,"En consecuencia, debe distinguirse entre el ejercicio del co","Por ello, y habiendo dictaminado la señora Procuradora Gener",Ricardo Luis Lorenzetti – Elena I. Highton de Nolasco – Juan Carlos Maqueda (seg
340_p47,340,mejora_gano_firma,reversa_con_firma,otro,otro,sin_firma,mixed,0,5,"de conformidad con su competencia, la sentencia dictada por ","Por ello, habiendo dictaminado la señora Procuradora General",Ricardo Luis Lorenzetti — Elena I. Highton de Nolasco — Juan Carlos Maqueda (en 
340_p114,340,cambio_outcome,reversa_con_firma,otro,revoca,disidencia,disidencia,5,5,"En consecuencia, corresponde considerar que el plazo para in","Por ello, se revoca la resolución de fs. 705. Notifíquese y ",Ricardo Luis Lorenzetti (en disidencia)— Elena I. Highton de Nolasco (en disiden
340_p257,340,mejora_gano_firma,reversa_con_firma,otro,procedente,sin_firma,mixed,0,4,"De conformidad con ello, el Honorable Congreso de la Nación ","Por ello, oída la señora Procuradora Fiscal, se declara proc",Ricardo Luis Lorenzetti (según su voto)— Juan Carlos Maqueda (según su voto)— Ho
340_p493,340,mejora_gano_firma,reversa_con_firma,otro,otro,sin_firma,mixed,0,5,"atento a que la Constitución es una estructura coherente y, ","Por ello, corresponde declarar procedente el recurso extraor",Ricardo Luis Lorenzetti (en disidencia)— Elena I. Highton de Nolasco (en disiden
340_p1038,340,REGRESION_menos_jueces,reversa_con_firma,procedente,procedente,mixed,unanime,6,1,"Por ello, y oída la señora Procuradora Fiscal subrogante, se","Por ello, y oída la señora Procuradora Fiscal subrogante, se",Ricardo Luis Lorenzetti.
340_p1259,340,mejora_gano_firma,reversa_con_firma,otro,hace_lugar,sin_firma,disidencia,0,4,"Por ello estableció “una indemnización, teniendo en consider","Por ello, se hace lugar a la queja, se declara procedente el",Ricardo Luis Lorenzetti — Elena I. Highton de Nolasco — Juan Carlos Maqueda — Ho
340_p1581,340,mejora_gano_firma,reversa_con_firma,otro,revoca,sin_firma,segun_su_voto,0,4,"Por estas razones, concluyó que el régimen establecido en el","Por ello, se declaran procedentes los recursos extraordinari",Ricardo Luis Lorenzetti — Elena I. Highton de Nolasco — Juan Carlos Maqueda (seg
340_p1695,340,mejora_gano_firma,reversa_con_firma,otro,originaria,sin_firma,disidencia,0,5,"Por lo expuesto, señala que el 80% de los años resultan sign","Por ello, y en ejercicio de las facultades previstas en el a",Ricardo Luis Lorenzetti — Elena I. Highton de Nolasco — Juan Carlos Maqueda — Ho
340_p1756,340,mejora_gano_firma,reversa_con_firma,otro,otro,sin_firma,segun_su_voto,0,5,"Por ello, más allá de los imprecisos términos en que fue con","Por ello, oída la señora Procuradora General de la Nación, s",Ricardo Luis Lorenzetti — Elena I. Highton de Nolasco — Juan Carlos Maqueda — Ho
340_p1795,340,mejora_gano_firma,reversa_con_firma,otro,otro,sin_firma,disidencia,0,4,"Por estas razones, la disposición 45/09 debe ser declarada i","en consecuencia, de las prácticas religiosas tal como se han",Ricardo Luis Lorenzetti — Elena I. Highton de Nolasco — Juan Carlos Maqueda — Ho
340_p2029,340,mejora_mas_jueces,reversa_con_firma,otro,otro,unanime,unanime,4,5,"Por ello, se rechaza la reposición planteada y se reitera la","Por ello, ACORDARON: 1°) Efectuar la designación en la categ","por ante mí, que doy fe. RICARDO LUIS LORENZETTI – ELENA I. HIGHTON DE NOLASCO –"
341_p54,341,mejora_gano_firma,reversa_con_firma,otro,otro,sin_firma,segun_su_voto,0,5,"en consecuencia, la dejan al margen del estándar definido po",Por todo lo expuesto y de conformidad con lo dictaminado por,Ricardo Luis Lorenzetti (según su voto)— Elena I. Highton de Nolasco — Juan Carl
341_p84,341,cambio_outcome,reversa_con_firma,otro,hace_lugar,mixed,mixed,5,5,"En consecuencia, resulta evidente que la interpretación que ","Por ello, y habiendo dictaminado la señora Procuradora Fisca",Ricardo Luis Lorenzetti — Elena I. Highton de Nolasco — Juan Carlos Maqueda — Ho
341_p336,341,mejora_gano_firma,reversa_con_firma,otro,otro,sin_firma,segun_su_voto,0,4,"Por ello, corresponde declarar improcedente el recurso extra","Por ello, oído el señor Procurador Fiscal, se resuelve: 1) D",Ricardo Luis Lorenzetti — Elena I. Highton de Nolasco — Juan Carlos Maqueda (seg
341_p1017,341,cambio_outcome,reversa_con_firma,otro,confirma,mixed,mixed,5,5,en consecuencia.,"Por lo expuesto, de conformidad con lo dictaminado en lo per",Ricardo Luis Lorenzetti (en disidencia)— Elena I. Highton de Nolasco — Juan Carl
341_p1148,341,cambio_outcome,reversa_con_firma,abstracto,originaria,segun_su_voto,segun_su_voto,5,5,"Por ello, resulta inoficioso todo pronunciamiento sobre la a","Por ello, oída la Procuración General de la Nación, se resue",Ricardo Luis Lorenzetti — Elena I. Highton de Nolasco — Juan Carlos Maqueda — Ho
341_p1485,341,mejora_gano_firma,reversa_con_firma,otro,confirma,sin_firma,disidencia,0,4,"En consecuencia, resulta improcedente la pretensión de que s","Por ello, se confirma la sentencia apelada con el alcance in",Carlos Fernando Rosenkrantz — Elena I. Highton de Nolasco — Juan Carlos Maqueda 
341_p1768,341,mejora_gano_firma,reversa_con_firma,otro,otro,sin_firma,mixed,0,5,"Por ello, si la Corte Suprema ha sostenido desde antaño que ","Por ello, habiendo dictaminado la Procuración General de la ",Carlos Fernando Rosenkrantz (en disidencia)— Elena I. Highton de Nolasco — Juan 
341_p1869,341,mejora_gano_firma,reversa_con_firma,otro,desestima,sin_firma,segun_su_voto,0,5,de conformidad con el estándar de arbitrariedad fijado hace ,"Por ello, y de conformidad en lo pertinente con lo dictamina",Carlos Fernando Rosenkrantz (según su voto)— Elena I. Highton de Nolasco (según 
341_p1924,341,mejora_gano_firma,reversa_con_firma,otro,otro,sin_firma,mixed,0,5,de conformidad con la protección especial que ha otorgado la,"Por ello, el Tribunal resuelve: 1) Declarar formalmente admi",Carlos Fernando Rosenkrantz (en disidencia) — Elena I. Highton de Nolasco (según
341_p2027,341,REGRESION_menos_jueces,reversa_con_firma,desestima,otro,unanime,unanime,5,3,"Por ello, se desestima esta presentación directa. Notifíques","Por ello, Acordaron: 1°. Sustituir el artículo 86, 2° párraf",Juan Carlos Maqueda – Ricardo Luis Lorenzetti – Horacio Daniel Rosatti. Héctor D
342_p77,342,cambio_outcome,reversa_con_firma,otro,revoca,disidencia,disidencia,5,5,"En consecuencia, corresponde descalificar en este aspecto el","Por ello, y oída la señora Procuradora Fiscal subrogante, se",Carlos Fernando Rosenkrantz — Elena I. Highton de Nolasco — Juan Carlos Maqueda 
342_p287,342,mejora_gano_firma,reversa_con_firma,otro,originaria,sin_firma,disidencia,0,5,"En consecuencia, la previsión contenida en el artículo 2°, i","Por ello, concordemente a lo dictaminado por la señora Procu",Carlos Fernando Rosenkrantz (en disidencia)— Elena I. Highton de Nolasco (en dis
342_p343,342,mejora_gano_firma,reversa_con_firma,otro,otro,sin_firma,segun_su_voto,0,5,En mérito a lo expuesto no puede desconocérsele el palmario ,"Por ello, concordemente con lo dictaminado por la señora Pro",Carlos Fernando Rosenkrantz (según su voto)— Elena I. Highton de Nolasco (según 
342_p411,342,mejora_gano_firma,reversa_con_firma,otro,otro,sin_firma,disidencia,0,5,"En consecuencia, la cuestión federal planteada por la Admini",de conformidad con lo prescripto en la acordada 47/91. Notif,Carlos Fernando Rosenkrantz (en disidencia)— Elena I. Highton de Nolasco — Juan 
342_p654,342,cambio_outcome,reversa_con_firma,otro,hace_lugar,disidencia,disidencia,5,5,"En consecuencia, la sentencia no contiene la fundamentación ","Por ello, se hace lugar a la queja, se declara procedente el",Carlos Fernando Rosenkrantz (en disidencia)— Elena I. Highton de Nolasco (en dis
342_p697,342,mejora_gano_firma,reversa_con_firma,otro,otro,sin_firma,mixed,0,4,"En consecuencia, no procede la declaración de inconstitucion","Por todo lo expuesto, y habiendo dictaminado el señor Procur",Carlos Fernando Rosenkrantz (en disidencia)— Juan Carlos Maqueda — Ricardo Luis 
342_p812,342,cambio_outcome,reversa_con_firma,otro,procedente,disidencia,disidencia,5,5,"En consecuencia, solo a partir del resultado que se obtenga ","Por ello, oída la señora Procuradora Fiscal, se declara proc",Carlos Fernando Rosenkrantz (en disidencia)— Elena I. Highton de Nolasco — Juan 
342_p917,342,mejora_gano_firma,reversa_con_firma,otro,otro,sin_firma,segun_su_voto,0,5,"En consecuencia, la reglamentación específica y la práctica ","Por ello, se resuelve: I) Rechazar la demanda interpuesta po",Carlos Fernando Rosenkrantz (según su voto)— Elena I. Highton de Nolasco (según 
342_p1017,342,mejora_gano_firma,reversa_con_firma,otro,desestima,sin_firma,mixed,0,4,por ello resultaba responsable en los términos del art. 1074,"Por ello, se desestima la queja interpuesta por Provincia AR",Carlos Fernando Rosenkrantz — Elena I. Highton de Nolasco — Juan Carlos Maqueda 
342_p1327,342,mejora_gano_firma,reversa_con_firma,otro,competencia,sin_firma,disidencia,0,5,"En consecuencia, cabe sostener prima facie que los hechos de","Por ello, y de conformidad con lo dictaminado por el señor P",Carlos Fernando Rosenkrantz (en disidencia)— Elena I. Highton de Nolasco (en dis
342_p1591,342,mejora_gano_firma,reversa_con_firma,otro,otro,sin_firma,disidencia,0,4,"En mérito a lo expuesto, en esta evaluación inaugural del ca",Por ello se resuelve: I. Declarar que la presente causa corr,Carlos Fernando Rosenkrantz (en disidencia)— Juan Carlos Maqueda — Ricardo Luis 
342_p1644,342,cambio_outcome,reversa_con_firma,otro,hace_lugar,disidencia,disidencia,5,5,"En consecuencia, corresponde descalificar el fallo recurrido","Por ello, oído el señor Procurador Fiscal, se hace lugar a l",Carlos Fernando Rosenkrantz — Elena I. Highton de Nolasco — Juan Carlos Maqueda 
342_p1665,342,mejora_gano_firma,reversa_con_firma,otro,procedente,sin_firma,mixed,0,5,"En consecuencia, en la presente causa se suscita un conflict","Por ello, oída la señora Procuradora General, se declara ino",Carlos Fernando Rosenkrantz (en disidencia)— Elena I. Highton de Nolasco (en dis
342_p1903,342,cambio_outcome,reversa_con_firma,otro,revoca,disidencia,disidencia,4,4,"En consecuencia, se está en presencia de una situación juríd","Por ello, de conformidad con lo dictaminado por la señora Pr",Elena I. Highton de Nolasco — Juan Carlos Maqueda — Ricardo Luis Lorenzetti — Ho
342_p1938,342,mejora_gano_firma,reversa_con_firma,otro,otro,sin_firma,mixed,0,5,"Por estas razones, se debe revocar la sentencia apelada en e","Por ello, de conformidad -en lo pertinente- con lo dictamina",Carlos Fernando Rosenkrantz — Elena I. Highton de Nolasco — Juan Carlos Maqueda 
342_p2009,342,mejora_gano_firma,reversa_con_firma,otro,confirma,sin_firma,segun_su_voto,0,5,"Por ello, teniendo en cuenta el momento en que se produjo el","Por ello, y concordemente con lo dictaminado por la señora P",Carlos Fernando Rosenkrantz (según su voto)— Elena I. Highton de Nolasco — Juan 
342_p2136,342,mejora_gano_firma,reversa_con_firma,otro,originaria,sin_firma,disidencia,0,5,en consecuencia.,"Por ello, se resuelve: I. Declarar concluido este proceso.",Carlos Fernando Rosenkrantz (en disidencia parcial)— Elena I. Highton de Nolasco
342_p2256,342,mejora_gano_firma,reversa_con_firma,otro,otro,sin_firma,disidencia,0,5,en consecuencia ser interpretadas las normas de aquella de m,"Por ello, y de conformidad con lo dictaminado por la señora ",Carlos Fernando Rosenkrantz (en disidencia)— Elena I. Highton de Nolasco (en dis
342_p2344,342,mejora_gano_firma,reversa_con_firma,otro,otro,sin_firma,disidencia,0,4,"En consecuencia, si bien es cierto que la Corte Suprema solo","Por lo expuesto, oído el señor Procurador General de la Naci",Carlos Fernando Rosenkrantz (en disidencia parcial)— Juan Carlos Maqueda — Ricar
343_p195,343,mejora_gano_firma,reversa_con_firma,otro,otro,sin_firma,unanime,0,1,"Por todo ello, solicita la habilitación de días y horas inhá","Por ello, y habiendo dictaminado el señor Procurador General",Horacio Rosatti.
343_p373,343,mejora_gano_firma,reversa_con_firma,otro,otro,sin_firma,disidencia,0,5,"En consecuencia, el tema a decidir en el presente es el crit","Por ello, en atención al estado de las presentes actuaciones",Carlos Fernando Rosenkrantz (en disidencia)— Elena I. Highton de Nolasco (en dis
343_p396,343,mejora_gano_firma,reversa_con_firma,otro,otro,sin_firma,disidencia,0,5,"En consecuencia, el tema a decidir en el presente es el crit","Por ello, en atención al estado de las presentes actuaciones",Carlos Fernando Rosenkrantz (en disidencia)— Elena I. Highton de Nolasco (en dis
343_p603,343,mejora_gano_firma,reversa_con_firma,otro,otro,sin_firma,segun_su_voto,0,5,"En consecuencia, una comprensión amplia de la compleja situa","Por ello, en atención al estado de las presentes actuaciones",Carlos Fernando Rosenkrantz (según su voto)— Elena I. Highton de Nolasco — Juan 
343_p1037,343,cambio_outcome,reversa_con_firma,otro,hace_lugar,segun_su_voto,segun_su_voto,5,5,"En consecuencia, corresponde descalificar el fallo apelado p","Por ello, y lo concordemente dictaminado por el señor Procur",Carlos Fernando Rosenkrantz (según su voto)— Elena I. Highton de Nolasco — Juan 
343_p1218,343,cambio_outcome,reversa_con_firma,otro,revoca,mixed,mixed,5,5,"En consecuencia, se está en presencia de una situación juríd","Por ello, de conformidad con lo dictaminado por la señora Pr",Carlos Fernando Rosenkrantz (según su voto)— Elena I. Highton de Nolasco — Juan 
343_p1259,343,mejora_gano_firma,reversa_con_firma,otro,desestima,sin_firma,segun_su_voto,0,4,"Por ello, menos aún puede argumentarse que dicho instrumento","Por ello, oída la señora Procuradora Fiscal, se desestima el",Carlos Fernando Rosenkrantz — Elena I. Highton de Nolasco — Juan Carlos Maqueda 
343_p1457,343,mejora_gano_firma,reversa_con_firma,otro,originaria,sin_firma,unanime,0,1,"Por ello, oído el señor Procurador General de la Nación inte","Por ello, oído el señor Procurador General, se resuelve: I. ",Elena I. Highton de Nolasco.
343_p1784,343,mejora_gano_firma,reversa_con_firma,otro,hace_lugar,sin_firma,segun_su_voto,0,4,"en consecuencia, hizo lugar a la acción entablada por Rosa A","Por ello, se hace lugar a la queja, se declara procedente el",Carlos Fernando Rosenkrantz (según su voto) — Elena I. Highton de Nolasco — Juan
343_p2087,343,mejora_gano_firma,reversa_con_firma,otro,otro,sin_firma,disidencia,0,4,"En consecuencia, si el agravio invocado como sustento de la ","Por ello, y habiendo dictaminado la señora Procuradora Fisca",Carlos Fernando Rosenkrantz (en disidencia)— Elena I. Highton de Nolasco — Juan 
343_p2280,343,mejora_gano_firma,reversa_con_firma,otro,otro,sin_firma,segun_su_voto,0,4,"en consecuencia, se aduce que “la participación de los encar","Por ello, habiendo dictaminado la señora Procuradora General",Carlos Fernando Rosenkrantz (según su voto)— Juan Carlos Maqueda — Ricardo Luis 
344_p277,344,mejora_gano_firma,reversa_con_firma,otro,hace_lugar,sin_firma,segun_su_voto,0,4,"en consecuencia sobre el fondo de la causa, en sustitución d","Por ello, y oída la señora Procuradora Fiscal, se hace lugar",Carlos Fernando Rosenkrantz – Elena I. Highton de Nolasco – Juan Carlos Maqueda 
344_p421,344,REGRESION_menos_jueces,reversa_con_firma,confirma,confirma,mixed,unanime,6,1,"Por ello, se declara formalmente procedente el recurso extra","Por ello, se declara formalmente admisible el recurso extrao",Ricardo Luis Lorenzetti.
344_p494,344,mejora_gano_firma,reversa_con_firma,otro,otro,sin_firma,segun_su_voto,0,5,de conformidad con las leyes 25.675 General del Ambiente (LG,"Por ello, oída en esta instancia la señora Procuradora Fisca",Carlos Fernando Rosenkrantz (según su voto)– Elena I. Highton de Nolasco (según 
344_p507,344,mejora_gano_firma,reversa_con_firma,otro,otro,sin_firma,disidencia,0,4,"En consecuencia, adujo que a pesar de la reforma constitucio",Por ello y de conformidad con lo oportunamente dictaminado p,Carlos Fernando Rosenkrantz (en disidencia parcial)– Juan Carlos Maqueda – Ricar
344_p809,344,mejora_gano_firma,reversa_con_firma,otro,hace_lugar,sin_firma,segun_su_voto,0,4,Por ello como se reconoció en los precedentes citados la Ciu,"Por ello, y oído el señor Procurador General de la Nación in",Carlos Fernando Rosenkrantz (según su voto)– Juan Carlos Maqueda – Ricardo Luis 
344_p936,344,mejora_gano_firma,reversa_con_firma,otro,originaria,sin_firma,segun_su_voto,0,4,"En consecuencia, no se trata de una mera indagación o consul","Por ello, concordemente con el dictamen de la señora Procura",Carlos Fernando Rosenkrantz (según su voto)– Elena I. Highton de Nolasco – Juan 
344_p1013,344,mejora_gano_firma,reversa_con_firma,otro,procedente,sin_firma,segun_su_voto,0,5,"En consecuencia, concluyó en que el acto impugnado resultaba","Por ello, se declara procedente el recurso extraordinario y ",Carlos Fernando Rosenkrantz (según su voto)– Elena I. Highton de Nolasco – Juan 
344_p1270,344,mejora_gano_firma,reversa_con_firma,otro,desestima,sin_firma,segun_su_voto,0,5,"De conformidad con ello, quien pretenda la revisión judicial","Por ello, se desestima la queja. Notifíquese y, oportunament",Carlos Fernando Rosenkrantz (según su voto)– Elena I. Highton de Nolasco – Juan 
344_p1464,344,mejora_gano_firma,reversa_con_firma,otro,procedente,sin_firma,disidencia,0,5,"En consecuencia, la consideración ab initio del a quo, se ap","Por ello, se declara procedente el recurso ordinario interpu",Carlos Fernando Rosenkrantz – Elena I. Highton de Nolasco – Juan Carlos Maqueda 
344_p1557,344,mejora_gano_firma,reversa_con_firma,otro,confirma,sin_firma,segun_su_voto,0,2,"Por ello, el hecho de que el legislador local —a diferencia ","Por todo lo expuesto, y habiendo dictaminado la señora Procu",Elena I. Highton de Nolasco – Ricardo Luis Lorenzetti – Martín Irurzun (según su
344_p1642,344,mejora_gano_firma,reversa_con_firma,otro,competencia,sin_firma,disidencia,0,5,"En consecuencia, el tema a decidir en el presente es el crit","Por ello, y de conformidad con lo dictaminado por el señor P",Carlos Fernando Rosenkrantz (en disidencia)– Elena I. Highton de Nolasco (en dis
344_p1857,344,mejora_gano_firma,reversa_con_firma,otro,otro,sin_firma,segun_su_voto,0,4,"Por ello, la facultad de los jueces locales de denegar el re","Por ello, y oída la señora Procuradora Fiscal, se declara pr",Carlos Fernando Rosenkrantz – Elena I. Highton de Nolasco – Juan Carlos Maqueda 
344_p2062,344,mejora_gano_firma,reversa_con_firma,otro,otro,sin_firma,disidencia,0,5,"En consecuencia, deben desestimarse los agravios en que se s","Por ello, de conformidad en lo pertinente con lo dictaminado",Carlos Fernando Rosenkrantz – Elena I. Highton de Nolasco (en disidencia)– Juan 
344_p2339,344,mejora_gano_firma,reversa_con_firma,otro,confirma,sin_firma,segun_su_voto,0,5,"En consecuencia, admitir el planteo del actor en lo que se r","Por ello, y concordemente con lo dictaminado por el señor Pr",Carlos Fernando Rosenkrantz – Elena I. Highton de Nolasco – Juan Carlos Maqueda 
344_p2441,344,mejora_gano_firma,reversa_con_firma,otro,desestima,sin_firma,segun_su_voto,0,5,"De conformidad con el trámite previsto por la ley 1565, se d","Por ello, se desestima la queja. Notifíquese y, oportunament",Carlos Fernando Rosenkrantz (según su voto)– Elena I. Highton de Nolasco (según 
344_p2513,344,mejora_gano_firma,reversa_con_firma,otro,otro,sin_firma,disidencia,0,5,"Por ello, si el legislador hubiese querido incluir otra exce","Por todo lo expuesto, oída la señora Procuradora Fiscal, se ",Carlos Fernando Rosenkrantz (en disidencia)– Elena I. Highton de Nolasco (en dis
344_p2581,344,cambio_outcome,reversa_con_firma,otro,procedente,mixed,mixed,4,4,En consecuencia y toda vez que es facultad del Tribunal atri,"Por ello, habiendo dictaminado el señor Procurador Fiscal, s",Carlos Fernando Rosenkrantz (según su voto)– Elena I. Highton de Nolasco (en dis
344_p2868,344,mejora_gano_firma,reversa_con_firma,otro,hace_lugar,sin_firma,segun_su_voto,0,5,"en consecuencia, ordenó al Instituto de Obra Social de la Pr","Por ello, y habiendo dictaminado el señor Procurador Fiscal,",Horacio Rosatti (según su voto)– Carlos Fernando Rosenkrantz – Juan Carlos Maque
344_p3368,344,cambio_outcome,reversa_con_firma,otro,hace_lugar,segun_su_voto,segun_su_voto,3,3,"En consecuencia, por todos los motivos expresados, correspon","Por ello, se hace lugar a la queja, se declara procedente el",Horacio Rosatti (según su voto)– Juan Carlos Maqueda – Elena I. Highton de Nolas
344_p3600,344,mejora_gano_firma,reversa_con_firma,otro,procedente,sin_firma,segun_su_voto,0,4,"En consecuencia, revocó la sentencia y declaró la nulidad de","Por ello, se declara procedente el recurso extraordinario y ",Horacio Rosatti - Carlos Fernando Rosenkrantz (según su voto)– Juan Carlos Maque
345_p22,345,mejora_gano_firma,reversa_con_firma,otro,otro,sin_firma,segun_su_voto,0,4,"Por ello, solicita que se haga cesar el estado de incertidum","Por ello, de conformidad con lo dictaminado por la señora Pr",Horacio Rosatti — Carlos Fernando Rosenkrantz (según su voto)— Juan Carlos Maque
345_p37,345,mejora_gano_firma,reversa_con_firma,otro,competencia,sin_firma,disidencia,0,4,"En consecuencia, el tema a decidir en el presente es el crit","Por ello, y de conformidad con lo dictaminado por el señor P",Horacio Rosatti — Carlos Fernando Rosenkrantz (en disidencia)— Juan Carlos Maque
345_p123,345,cambio_outcome,reversa_con_firma,otro,procedente,segun_su_voto,segun_su_voto,4,4,"En consecuencia, el fallo carece de la debida fundamentación","Por ello, habiendo dictaminado el señor Procurador General d",Horacio Rosatti — Carlos Fernando Rosenkrantz — Juan Carlos Maqueda (según su vo
345_p583,345,mejora_gano_firma,reversa_con_firma,otro,hace_lugar,sin_firma,disidencia,0,4,de conformidad con el art. 2° de la ley 20.396 (art. 3°). Se,"Por ello, concordemente con lo dictaminado por la señora Pro",Horacio Rosatti (en disidencia)- Carlos Fernando Rosenkrantz – Juan Carlos Maque
345_p905,345,mejora_gano_firma,reversa_con_firma,otro,procedente,sin_firma,disidencia,0,4,"En consecuencia, la solución de la controversia planteada en","Por ello, oída la señora Procuradora Fiscal, se declara proc",Horacio Rosatti — Carlos Fernando Rosenkrantz (en disidencia)— Juan Carlos Maque
345_p1219,345,cambio_outcome,reversa_con_firma,otro,hace_lugar,disidencia,disidencia,4,4,"En consecuencia, dado que, como ya se señaló, es facultad de","Por ello, y lo dictaminado por la señora Procuradora Fiscal ",Horacio Rosatti (en disidencia)— Carlos Fernando Rosenkrantz — Juan Carlos Maque
346_p1015,346,mejora_gano_firma,reversa_con_firma,otro,otro,sin_firma,segun_su_voto,0,4,"En consecuencia, la pretensión impositiva del Fisco local se","Por ello, y de conformidad con lo dictaminado por la señora ",Horacio Rosatti — Carlos Fernando Rosenkrantz (según su voto)— Juan Carlos Maque
346_p1218,346,mejora_gano_firma,reversa_con_firma,otro,otro,sin_firma,segun_su_voto,0,4,"En consecuencia, la alegada improcedencia de la acción por p","Por ello, y de conformidad con lo dictaminado por la señora ",Horacio Rosatti — Carlos Fernando Rosenkrantz (según su voto)— Juan Carlos Maque
346_p1471,346,mejora_gano_firma,reversa_con_firma,otro,otro,sin_firma,segun_su_voto,0,3,"En consecuencia, declaró que le correspondía a la actora el ","Por todo lo expuesto, se declaran procedentes los recursos e",Horacio Rosatti — Carlos Fernando Rosenkrantz (según su voto)— Juan Carlos Maque
347_p128,347,mejora_gano_firma,reversa_con_firma,otro,originaria,sin_firma,disidencia,0,4,de conformidad con lo informado a fs. 1760; ver también sent,"Por ello, se resuelve: I. Hacer lugar a la demanda seguida p",Horacio Rosatti — Carlos Fernando Rosenkrantz (en disidencia parcial)— Juan Carl
347_p178,347,mejora_gano_firma,reversa_con_firma,otro,originaria,sin_firma,disidencia,0,4,"En consecuencia, en virtud de los fundamentos y las conclusi","Por ello, se resuelve: I. Hacer lugar a la demanda seguida p",Horacio Rosatti — Carlos Fernando Rosenkrantz (en disidencia parcial)— Juan Carl
347_p640,347,cambio_outcome,reversa_con_firma,otro,procedente,segun_su_voto,segun_su_voto,3,3,"En consecuencia, la existencia de condenas por delitos dolos","Por ello, se declara procedente la queja, formalmente admisi",Horacio Rosatti (según su voto)— Carlos Fernando Rosenkrantz — Juan Carlos Maque
347_p721,347,mejora_gano_firma,reversa_con_firma,otro,hace_lugar,sin_firma,segun_su_voto,0,4,"Por ello, cabía concluir en que la parte actora había tenido","Por ello, se hace lugar a la queja, se declara procedente el",Horacio Rosatti — Carlos Fernando Rosenkrantz (según su voto)— Juan Carlos Maque
347_p775,347,cambio_outcome,reversa_con_firma,otro,hace_lugar,disidencia,disidencia,4,4,"Por ello, el nuevo régimen legal –esto es, la ley 27.423- no","Por ello, oído el señor Procurador Fiscal, se hace lugar par",Horacio Rosatti — Carlos Fernando Rosenkrantz — Juan Carlos Maqueda (en disidenc
347_p863,347,cambio_outcome,reversa_con_firma,otro,hace_lugar,disidencia,disidencia,3,3,"En consecuencia, la sentencia debe ser descalificada como ac","Por ello, se hace lugar parcialmente a la queja, se declara ",Horacio Rosatti (en disidencia)— Carlos Fernando Rosenkrantz — Ricardo Luis Lore
347_p1230,347,mejora_gano_firma,reversa_con_firma,otro,hace_lugar,sin_firma,disidencia,0,4,de conformidad con lo indicado por su médica tratante.,"Por ello, se hace lugar a la queja, se declara procedente el",Horacio Rosatti (en disidencia)— Carlos Fernando Rosenkrantz — Juan Carlos Maque
347_p1288,347,mejora_gano_firma,reversa_con_firma,otro,hace_lugar,sin_firma,segun_su_voto,0,4,"En consecuencia, sostuvo que la derogación de las limitacion","Por ello, oída la señora Procuradora Fiscal, se hace lugar a",Horacio Rosatti — Carlos Fernando Rosenkrantz (según su voto)— Juan Carlos Maque
347_p1327,347,mejora_gano_firma,reversa_con_firma,otro,confirma,sin_firma,segun_su_voto,0,4,"Por todo ello, corresponde incluir en el haber mensual con c","Por ello, de conformidad con lo dictaminado por la señora Pr",Horacio Rosatti — Carlos Fernando Rosenkrantz (según su voto)— Juan Carlos Maque
347_p1632,347,mejora_gano_firma,reversa_con_firma,otro,hace_lugar,sin_firma,segun_su_voto,0,4,"En consecuencia, consideró que la actitud del fisco imposibi","Por ello, se hace lugar a la queja, se declara procedente el",Horacio Rosatti — Carlos Fernando Rosenkrantz (según su voto)— Juan Carlos Maque
347_p1807,347,mejora_gano_firma,reversa_con_firma,otro,hace_lugar,sin_firma,segun_su_voto,0,4,de conformidad con lo normado en los arts. 78 y 84 del Códig,"Por ello, se hace lugar a la queja, se declara procedente el",Horacio Rosatti (según su voto)— Carlos Fernando Rosenkrantz — Juan Carlos Maque
347_p1891,347,mejora_gano_firma,reversa_con_firma,otro,hace_lugar,sin_firma,mixed,0,4,"En consecuencia, la conformación de los convoyes pueden muta","Por ello, habiendo dictaminado el señor Procurador Fiscal, s",Horacio Rosatti (en disidencia)— Carlos Fernando Rosenkrantz (según su voto)— Ju
347_p2002,347,mejora_gano_firma,reversa_con_firma,inadmisible_280,inadmisible_280,sin_firma,segun_su_voto,0,4,"En consecuencia, resulta evidente que, al examinar el mérito","Por ello, de conformidad con lo dictaminado por la señora Pr",Horacio Rosatti — Carlos Fernando Rosenkrantz (según su voto)— Juan Carlos Maque
347_p2025,347,mejora_gano_firma,reversa_con_firma,otro,desestima,sin_firma,segun_su_voto,0,4,"Por ello, todo recurso extraordinario federal debe demostrar","Por ello, se desestima la queja. Intímese a la parte recurre",Horacio Rosatti — Carlos Fernando Rosenkrantz — Juan Carlos Maqueda — Ricardo Lu
347_p2115,347,mejora_gano_firma,reversa_con_firma,otro,hace_lugar,sin_firma,segun_su_voto,0,4,de conformidad con la legislación nacional y en forma apropi,"Por ello, oída la señora Procuradora Fiscal, se hace lugar a",Horacio Rosatti — Carlos Fernando Rosenkrantz (según su voto)— Juan Carlos Maque
347_p2286,347,cambio_outcome,reversa_con_firma,otro,competencia,disidencia,disidencia,4,4,"En consecuencia, se resuelve aplicar esta nueva jurisprudenc","Por ello, habiendo dictaminado el señor Procurador General d",Horacio Rosatti — Carlos Fernando Rosenkrantz (en disidencia)— Juan Carlos Maque
348_p189,348,mejora_gano_firma,reversa_con_firma,otro,procedente,sin_firma,segun_su_voto,0,3,"Por ello, una ley en sentido formal, que no pone en ejercici","Por ello, habiendo dictaminado el señor Procurador Fiscal, s",Horacio Rosatti (según su voto)— Carlos Fernando Rosenkrantz — Ricardo Luis Lore
348_p405,348,mejora_gano_firma,reversa_con_firma,otro,otro,sin_firma,segun_su_voto,0,3,"En consecuencia, las cuestiones propuestas han quedado ceñid","Por ello, y habiendo dictaminado la señora Procuradora Fisca",Horacio Rosatti (según su voto)— Carlos Fernando Rosenkrantz — Ricardo Luis Lore
348_p419,348,mejora_gano_firma,reversa_con_firma,otro,otro,sin_firma,segun_su_voto,0,3,"Por ello, objeta que la demandada le exija el cobro de regal","Por ello, y de conformidad con lo dictaminado por la señora ",Horacio Rosatti — Carlos Fernando Rosenkrantz (según su voto)— Ricardo Luis Lore
348_p813,348,mejora_gano_firma,reversa_con_firma,otro,otro,sin_firma,segun_su_voto,0,3,De conformidad con esa opinión el Tribunal declaró a fs. 20 ,"Por ello, se resuelve: Rechazar la demanda promovida por el ",Horacio Rosatti (según su voto)— Carlos Fernando Rosenkrantz — Ricardo Luis Lore
348_p983,348,mejora_gano_firma,reversa_con_firma,otro,originaria,sin_firma,segun_su_voto,0,3,"En consecuencia, ordenó: (i) el cese inmediato de los efecto","Por ello, se resuelve: I. Hacer lugar parcialmente a la pres",Horacio Rosatti — Carlos Fernando Rosenkrantz — Ricardo Luis Lorenzetti (según s
348_p1357,348,mejora_gano_firma,reversa_con_firma,otro,hace_lugar,sin_firma,disidencia,0,3,"Por ello, cualquier restricción a la libertad antes de la co","Por ello, con el alcance indicado, se hace lugar a la queja,",Horacio Rosatti — Carlos Fernando Rosenkrantz — Ricardo Luis Lorenzetti (en disi
349_p40,349,REGRESION_menos_jueces,reversa_con_firma,otro,inadmisible_280,unanime,mixed,3,2,"Por ello, oído el señor Procurador General de la Nación inte","Por ello, se desestima la presentación directa. Declárase pe",Horacio Rosatti (en disidencia)— Ricardo Luis Lorenzetti (según su voto)— Beatri
349_p166,349,mejora_gano_firma,reversa_con_firma,otro,otro,sin_firma,segun_su_voto,0,3,por ello implican una vulneración (explícita ni elíptica) de,"Por ello, el Tribunal resuelve: I) Tener por desistido el re",Horacio Rosatti (según su voto)— Carlos Fernando Rosenkrantz — Ricardo Luis Lore
